"store_number","name","street","city","state","zip","phone","pro_desk_phone","rental_phone","source_url","territory","assigned_rep_email","tier","latitude","longitude","annual_volume"
"6557","Home Depot North Irving","8555 Home Depot Dr","Irving","TX","75063","(972) 506-3006","","","https://www.homedepot.com/l/North-Irving/TX/Irving/75063/6557","DFW","","B","32.922377229753","-96.979170283642",""
"0563","Home Depot Irving","3200 W Irving Blvd","Irving","TX","75061","(972) 513-2400","","","https://www.homedepot.com/l/Irving/TX/Irving/75061/563","DFW","","B","32.834833562585","-96.992880943881",""
"0537","Home Depot Euless","251 S Industrial Blvd","Euless","TX","76040","(817) 545-3000","","","https://www.homedepot.com/l/Euless/TX/Euless/76040/537","DFW","","B","32.83464833168","-97.099596289507",""
"0587","Home Depot Southlake","300 Village Ctr Dr","Southlake","TX","76092","(817) 251-1554","","","https://www.homedepot.com/l/Southlake/TX/Southlake/76092/587","DFW","","B","32.942424139859","-97.122882580409",""
"6572","Home Depot Flower Mound","852 Long Prairie Rd","Flower Mound","TX","75022","(972) 355-6604","","","https://www.homedepot.com/l/Flower-Mound/TX/Flower-Mound/75022/6572","DFW","","B","32.996395390254","-97.064680072454",""
"0564","Home Depot NW Dallas","11468 Grissom Ln","Dallas","TX","75229","(972) 484-7077","","","https://www.homedepot.com/l/NW-Dallas/TX/Dallas/75229/564","DFW","","B","32.907301301832","-96.886513621282",""
"6533","Home Depot Precinct Line","6411 Precinct Line Rd","North Richland Hills","TX","76182","(817) 656-5274","","","https://www.homedepot.com/l/Precinct-Line/TX/North-Richland-Hills/76182/6533","DFW","","B","32.862304408855","-97.186167749381",""
"6555","Home Depot Carrollton","2011 Keller Springs Rd","Carrollton","TX","75006","(972) 242-8437","","","https://www.homedepot.com/l/Carrollton/TX/Carrollton/75006/6555","DFW","","B","32.973073481099","-96.888089370605",""
"0554","Home Depot North Arlington","201 Rd To Six Flags West","Arlington","TX","76011","(817) 459-4300","","","https://www.homedepot.com/l/North-Arlington/TX/Arlington/76011/554","DFW","","B","32.7583382","-97.1066205",""
"0524","Home Depot Lewisville","901 N Stemmons Pkwy","Lewisville","TX","75067","(972) 436-1398","","","https://www.homedepot.com/l/Lewisville/TX/Lewisville/75067/524","DFW","","B","33.05295488194","-97.010983502108",""
"0540","Home Depot North Richland","6501 Ne Loop 820","N Richland Hills","TX","76180","(817) 485-4400","","","https://www.homedepot.com/l/North-Richland/TX/N-Richland-Hills/76180/540","DFW","","B","32.840700566367","-97.244676664368",""
"6548","Home Depot Keller","2013 Hwy 377","Keller","TX","76248","(817) 745-3376","","","https://www.homedepot.com/l/Keller/TX/Keller/76248/6548","DFW","","B","32.8961825","-97.2555157",""
"0589","Home Depot Lemmon Avenue","6110 Lemmon Ave","Dallas","TX","75209","(214) 654-9939","","","https://www.homedepot.com/l/Lemmon-Avenue/TX/Dallas/75209/589","DFW","","B","32.832458087156","-96.828406420838",""
"6581","Home Depot Roanoke","125 E State Hwy 114","Roanoke","TX","76262","(817) 430-2571","","","https://www.homedepot.com/l/Roanoke/TX/Roanoke/76262/6581","DFW","","B","33.010688988826","-97.219579906766",""
"6534","Home Depot East Fort Worth","1151 Bridgewood Dr","Fort Worth","TX","76112","(817) 496-3212","","","https://www.homedepot.com/l/East-Fort-Worth/TX/Fort-Worth/76112/6534","DFW","","B","32.763804419432","-97.217240553141",""
"6816","Home Depot Oak Cliff","2610 Fort Worth Ave","Dallas","TX","75211","(214) 942-6658","","","https://www.homedepot.com/l/Oak-Cliff/TX/Dallas/75211/6816","DFW","","B","32.7561281","-96.8644727",""
"0551","Home Depot West Plano","6200 W Park Blvd","Plano","TX","75093","(972) 735-9333","","","https://www.homedepot.com/l/West-Plano/TX/Plano/75093/551","DFW","","B","33.027480549383","-96.832663530366",""
"0507","Home Depot Grand Prairie","3850 S Carrier Pkwy","Grand Prairie","TX","75052","(972) 237-0025","","","https://www.homedepot.com/l/Grand-Prairie/TX/Grand-Prairie/75052/507","DFW","","B","32.679658683993","-97.007048197822",""
"6562","Home Depot The Colony","5321 Hwy 121","The Colony","TX","75056","(469) 384-3715","","","https://www.homedepot.com/l/The-Colony/TX/The-Colony/75056/6562","DFW","","B","33.07288495438","-96.874901453595",""
"0598","Home Depot Forest Lane","11682 Forest Central Drive","Dallas","TX","75243","(214) 343-1032","","","https://www.homedepot.com/l/Forest-Lane/TX/Dallas/75243/598","DFW","","B","32.907019825575","-96.767044755006",""
"6814","Home Depot N Fort Worth","7100 N Freeway","Fort Worth","TX","76137","(817) 232-8100","","","https://www.homedepot.com/l/N-Fort-Worth/TX/Fort-Worth/76137/6814","DFW","","B","32.8703372","-97.3129636",""
"0541","Home Depot Arlington","4611 S Cooper St","Arlington","TX","76017","(817) 468-4224","","","https://www.homedepot.com/l/Arlington/TX/Arlington/76017/541","DFW","","B","32.671804354991","-97.13431717334",""
"6804","Home Depot Skillman","6000 Skillman Street","Dallas","TX","75231","(214) 750-5927","","","https://www.homedepot.com/l/Skillman/TX/Dallas/75231/6804","DFW","","B","32.861084237943","-96.751948047543",""
"6504","Home Depot Coit Rd","2220 N Coit Rd","Richardson","TX","75080","(214) 575-3070","","","https://www.homedepot.com/l/Coit-Rd/TX/Richardson/75080/6504","DFW","","B","32.9822653","-96.7653926",""
"8517","Home Depot Grand Prairie South","5280 South Hwy 360","Grand Prairie","TX","75052","(972) 602-9385","","","https://www.homedepot.com/l/Grand-Prairie-South/TX/Grand-Prairie/75052/8517","DFW","","B","32.64113485164","-97.062555052197",""
"0527","Home Depot North Plano","4600 State Hwy 121","Plano","TX","75024","(972) 377-3613","","","https://www.homedepot.com/l/North-Plano/TX/Plano/75024/527","DFW","","B","33.0990785","-96.794351",""
"0552","Home Depot Westmoreland","2901 W Wheatland Rd","Dallas","TX","75237","(972) 709-3063","","","https://www.homedepot.com/l/Westmoreland/TX/Dallas/75237/552","DFW","","B","32.647637042419","-96.867588547588",""
"6840","Home Depot Denton","1900 Brinker Road","Denton","TX","76208","(940) 243-0808","","","https://www.homedepot.com/l/Denton/TX/Denton/76208/6840","DFW","","B","33.186522702921","-97.095921594102",""
"6833","Home Depot Central Plano","1801 W Parker Rd","Plano","TX","75023","(972) 599-3280","","","https://www.homedepot.com/l/Central-Plano/TX/Plano/75023/6833","DFW","","B","33.041174028739","-96.730244543975",""
"0550","Home Depot White Rock","11255 Garland Rd","Dallas","TX","75218","(214) 328-1900","","","https://www.homedepot.com/l/White-Rock/TX/Dallas/75218/550","DFW","","B","32.848573419887","-96.684233625562",""
"0539","Home Depot Plano","1224 N Central Expy","Plano","TX","75074","(972) 423-7011","","","https://www.homedepot.com/l/Plano/TX/Plano/75074/539","DFW","","B","33.01573911787","-96.707946066112",""
"0556","Home Depot Richardson","2140 Jupiter Rd","Garland","TX","75044","(972) 496-5292","","","https://www.homedepot.com/l/Richardson/TX/Garland/75044/556","DFW","","B","32.9329183","-96.6805988",""
"0530","Home Depot Cedar Hill","373 E Fm 1382","Cedar Hill","TX","75104","(972) 299-9390","","","https://www.homedepot.com/l/Cedar-Hill/TX/Cedar-Hill/75104/530","DFW","","B","32.593868762008","-96.938478935067",""
"6568","Home Depot Mansfield","1725 N Us Hwy 287","Mansfield","TX","76063","(817) 453-4038","","","https://www.homedepot.com/l/Mansfield/TX/Mansfield/76063/6568","DFW","","B","32.5883643","-97.1430348",""
"6513","Home Depot North Frisco","5995 Eldorado Pkwy","Frisco","TX","75033","(469) 633-0607","","","https://www.homedepot.com/l/North-Frisco/TX/Frisco/75033/6513","DFW","","B","33.174842812719","-96.83350285254",""
"6549","Home Depot Lake Worth","3950 Jim Wright Frwy","Lake Worth","TX","76135","(817) 237-5355","","","https://www.homedepot.com/l/Lake-Worth/TX/Lake-Worth/76135/6549","DFW","","B","32.8128198","-97.4180839",""
"0583","Home Depot North Denton","2950 W. University Drive","Denton","TX","76201","(940) 334-2300","","","https://www.homedepot.com/l/North-Denton/TX/Denton/76201/583","DFW","","B","33.230094814951","-97.171804484488",""
"6106","Home Depot Prosper","4450 W. University Dr.","Prosper","TX","75078","(469) 296-1800","","","https://www.homedepot.com/l/Prosper/TX/Prosper/75078/6106","DFW","","B","33.2213867","-96.8744558",""
"8976","Home Depot Lancaster","500 North I-35 East","Lancaster","TX","75146","(972) 223-4929","","","https://www.homedepot.com/l/Lancaster/TX/Lancaster/75146/8976","DFW","","B","32.5949832","-96.8195817",""
"0529","Home Depot South Fort Worth","7950 South Fwy","Fort Worth","TX","76134","(817) 293-0343","","","https://www.homedepot.com/l/South-Fort-Worth/TX/Fort-Worth/76134/529","DFW","","B","32.634025981719","-97.322051502248",""
"6542","Home Depot Mesquite","18855 Lyndon B Johnson Fwy","Mesquite","TX","75150","(972) 682-6294","","","https://www.homedepot.com/l/Mesquite/TX/Mesquite/75150/6542","DFW","","B","32.802772175678","-96.627547503605",""
"0553","Home Depot Garland","3261 N George Bush Hwy","Garland","TX","75040","(972) 530-9961","","","https://www.homedepot.com/l/Garland/TX/Garland/75040/553","DFW","","B","32.9460074","-96.6156648",""
"6502","Home Depot Allen","909 W Mcdermott Dr","Allen","TX","75013","(972) 359-0336","","","https://www.homedepot.com/l/Allen/TX/Allen/75013/6502","DFW","","B","33.101042122219","-96.682825677533",""
"0542","Home Depot Fort Worth","4850 Sw Loop 820 # R Blvd R","Fort Worth","TX","76109","(817) 737-9220","","","https://www.homedepot.com/l/Fort-Worth/TX/Fort-Worth/76109/542","DFW","","B","32.684035066338","-97.398801345856",""
"8951","Home Depot Rowlett","2201 Lakeview Pkwy","Rowlett","TX","75088","(972) 463-7924","","","https://www.homedepot.com/l/Rowlett/TX/Rowlett/75088/8951","DFW","","B","32.9106197","-96.5820882",""
"0555","Home Depot Balch Springs","12005 Elam Rd","Balch Springs","TX","75180","(972) 913-9491","","","https://www.homedepot.com/l/Balch-Springs/TX/Balch-Springs/75180/555","DFW","","B","32.719498284267","-96.618938507249",""
"8521","Home Depot White Settlement","9509 White Settlement Rd","White Settlement","TX","76108","(817) 367-7115","","","https://www.homedepot.com/l/White-Settlement/TX/White-Settlement/76108/8521","DFW","","B","32.760915921375","-97.481563180658",""
"6809","Home Depot West Mckinney","252 N Custer Rd","Mckinney","TX","75071","(469) 952-2436","","","https://www.homedepot.com/l/West-Mckinney/TX/Mckinney/75071/6809","DFW","","B","33.205209597702","-96.732851277152",""
"6589","Home Depot Wylie","951 Westgate Way","Wylie","TX","75098","(972) 429-4892","","","https://www.homedepot.com/l/Wylie/TX/Wylie/75098/6589","DFW","","B","33.004811320839","-96.554286814158",""
"8438","Home Depot Burleson","300 Nw John Jones","Burleson","TX","76028","(817) 447-6602","","","https://www.homedepot.com/l/Burleson/TX/Burleson/76028/8438","DFW","","B","32.52569097684","-97.352156315656",""
"0528","Home Depot Mckinney","1515 N Central Expy","Mckinney","TX","75070","(972) 569-9909","","","https://www.homedepot.com/l/Mckinney/TX/Mckinney/75070/528","DFW","","B","33.211495409295","-96.638211352805",""
"0531","Home Depot Rockwall","765 E I-30","Rockwall","TX","75087","(972) 771-2825","","","https://www.homedepot.com/l/Rockwall/TX/Rockwall/75087/531","DFW","","B","32.8978763","-96.4610814",""
"6505","Home Depot Waxahachie","1315 Hwy 77 North","Waxahachie","TX","75165","(972) 938-8188","","","https://www.homedepot.com/l/Waxahachie/TX/Waxahachie/75165/6505","DFW","","B","32.420870744972","-96.840238716743",""
"6837","Home Depot Forney","11350 E Us Hwy 80","Forney","TX","75126","(945) 375-8040","","","https://www.homedepot.com/l/Forney/TX/Forney/75126/6837","DFW","","B","32.7436441","-96.4206418",""
"0597","Home Depot Anna","200 N. Central Expressway","Anna","TX","75409","(945) 777-8200","","","https://www.homedepot.com/l/Anna/TX/Anna/75409/597","DFW","","B","33.3530947","-96.582662",""
"6520","Home Depot Cleburne","212 W Katherine P Raines Blvd Blvd","Cleburne","TX","76033","(817) 645-0722","","","https://www.homedepot.com/l/Cleburne/TX/Cleburne/76033/6520","DFW","","B","32.3848655","-97.3959479",""
"6579","Home Depot Terrell","151 Windsor Ave","Terrell","TX","75160","(972) 524-9901","","","https://www.homedepot.com/l/Terrell/TX/Terrell/75160/6579","DFW","","B","32.706281947074","-96.280239732031",""
"6515","Home Depot Weatherford","220 W Interstate 20","Weatherford","TX","76086","(817) 599-0811","","","https://www.homedepot.com/l/Weatherford/TX/Weatherford/76086/6515","DFW","","B","32.72761941861","-97.805033456108",""
"0519","Home Depot Gainesville","804 E Hwy 82","Gainesville","TX","76240","(940) 665-0939","","","https://www.homedepot.com/l/Gainesville/TX/Gainesville/76240/519","DFW","","B","33.64090316998","-97.138705873058",""
"6571","Home Depot Granbury","415 E Hwy 377","Granbury","TX","76048","(817) 579-0050","","","https://www.homedepot.com/l/Granbury/TX/Granbury/76048/6571","DFW","","B","32.434230506802","-97.78319820887",""
"6554","Home Depot Greenville","7101 Centerpoint Lane","Greenville","TX","75402","(903) 454-2125","","","https://www.homedepot.com/l/Greenville/TX/Greenville/75402/6554","DFW","","B","33.0971921","-96.1037459",""
"0518","Home Depot Sherman","601 Northcreek Dr","Sherman","TX","75092","(903) 891-3396","","","https://www.homedepot.com/l/Sherman/TX/Sherman/75092/518","DFW","","B","33.6811786585","-96.614265121584",""
"6817","Home Depot Corsicana","2290 S I-45","Corsicana","TX","75109","(903) 875-1934","","","https://www.homedepot.com/l/Corsicana/TX/Corsicana/75109/6817","DFW","","B","32.0654508","-96.4495893",""
"0508","Home Depot Conroe","1341 W Davis St","Conroe","TX","77304","(936) 539-2440","","","https://www.homedepot.com/l/Conroe/TX/Conroe/77304/508","Houston","","B","","",""
"0565","Home Depot Pasadena","5455 Fairmont Pkwy","Pasadena","TX","77505","(281) 998-9669","","","https://www.homedepot.com/l/Pasadena/TX/Pasadena/77505/565","Houston","","B","","",""
"0567","Home Depot Webster","18251 Gulf Freeway","Webster","TX","77598","(281) 488-2274","","","https://www.homedepot.com/l/Eldorado-Webster-R0567/TX/Webster/77598/1859","Houston","","B","","",""
"0568","Home Depot Spring","20131 N I-45","Spring","TX","77373","(281) 288-4900","","","https://www.homedepot.com/l/Spring/TX/Spring/77373/568","Houston","","B","","",""
"0576","Home Depot Humble","20360 Hwy 59","Humble","TX","77338","(281) 540-2400","","","https://www.homedepot.com/l/Humble/TX/Humble/77338/576","Houston","","B","","",""
"1349","Home Depot Montgomery","20240 Eva Street","Montgomery","TX","77356","(346) 416-6900","","","https://www.homedepot.com/l/Montgomery/TX/Montgomery/77356/1349","Houston","","B","","",""
"1832","Home Depot Summerwood","12730 W Lake Houston Pkwy","Houston","TX","77044","(346) 312-4600","","","https://www.homedepot.com/l/Summerwood/TX/Houston/77044/1832","Houston","","B","","",""
"1853","Home Depot League City","3200 South Gulf Freeway","League City","TX","77573","(281) 337-5369","","","https://www.homedepot.com/l/League-City/TX/League-City/77573/1853","Houston","","B","","",""
"1859","Home Depot Eldorado-Webster (R0567)","18251 Gulf Freeway","Webster","TX","77598","(281) 488-2274","","","https://www.homedepot.com/l/Eldorado-Webster-R0567/TX/Webster/77598/1859","Houston","","B","","",""
"6507","Home Depot Baytown","4915 Garth Rd","Baytown","TX","77521","(281) 428-5091","","","https://www.homedepot.com/l/Baytown/TX/Baytown/77521/6507","Houston","","B","","",""
"6516","Home Depot Woodlands","19103 I-45","Conroe","TX","77385","(936) 321-0100","","","https://www.homedepot.com/l/Woodlands/TX/Conroe/77385/6516","Houston","","B","","",""
"6560","Home Depot Clear Lake Shores","507 Fm 2094","Clear Lake Shores","TX","77565","(281) 538-3988","","","https://www.homedepot.com/l/Clear-Lake-Shores/TX/Clear-Lake-Shores/77565/6560","Houston","","B","","",""
"6559","Home Depot College Station","1615 University Dr East","College Station","TX","77840","(979) 595-1188","","","https://www.homedepot.com/l/College-Station/TX/College-Station/77840/6559","Houston","","B","","",""
"6578","Home Depot Huntsville","215 Interstate 45 North","Huntsville","TX","77320","(936) 439-0200","","","https://www.homedepot.com/l/Huntsville/TX/Huntsville/77320/6578","Houston","","B","","",""
"6819","Home Depot West Woodlands","6119 Fm 1488","Magnolia","TX","77354","(281) 356-2087","","","https://www.homedepot.com/l/West-Woodlands/TX/Magnolia/77354/6819","Houston","","B","","",""
"8518","Home Depot Brenham","2801 Wood Ridge Blvd","Brenham","TX","77833","(979) 277-9964","","","https://www.homedepot.com/l/Brenham/TX/Brenham/77833/8518","Houston","","B","","",""
